<?xml version="1.0" encoding="UTF-8"?>
<!DOCTYPE html PUBLIC "-//W3C//DTD XHTML 1.0 Transitional//EN" "xhtml1-transitional.dtd"><!-- saved from url=(0013)about:internet -->
<?xml-stylesheet type="text/xsl" href="mathml.xsl"?><html xmlns="http://www.w3.org/1999/xhtml" xmlns:pref="http://www.w3.org/2002/Math/preference" pref:renderer="mathplayer-dl"><head><meta http-equiv="Content-Type" content="text/html; charset=UTF-8" /><link rel="stylesheet" type="text/css" href="opengl-man.css" /><title>glBindRenderbuffer - OpenGL 3.3 Reference Pages</title><meta name="generator" content="DocBook XSL Stylesheets V1.78.1" /></head><body><div class="refentry"><a id="glBindRenderbuffer"></a><div class="titlepage"></div><div class="refnamediv"><h2>Name</h2><p>glBindRenderbuffer — bind a renderbuffer to a renderbuffer target</p></div><div class="refsynopsisdiv"><h2>C Specification</h2><div class="funcsynopsis"><table border="0" class="funcprototype-table" summary="Function synopsis" style="cellspacing: 0; cellpadding: 0;"><tr><td><code class="funcdef">void <strong class="fsfunc">glBindRenderbuffer</strong>(</code></td><td>GLenum <var class="pdparam">target</var>, </td></tr><tr><td> </td><td>GLuint <var class="pdparam">renderbuffer</var><code>)</code>;</td></tr></table><div class="funcprototype-spacer"> </div></div></div><div class="refsect1"><a id="parameters"></a><h2>Parameters</h2><div class="variablelist"><dl class="variablelist"><dt><span class="term"><em class="parameter"><code>target</code></em></span></dt><dd><p>
                    Specifies the renderbuffer target of the binding operation. <em class="parameter"><code>target</code></em> must be <code class="constant">GL_RENDERBUFFER</code>.
                </p></dd><dt><span class="term"><em class="parameter"><code>renderbuffer</code></em></span></dt><dd><p>
                    Specifies the name of the renderbuffer object to bind.
                </p></dd></dl></div></div><div class="refsect1"><a id="description"></a><h2>Description</h2><p>
            <code class="function">glBindRenderbuffer</code> binds the renderbuffer object with name <em class="parameter"><code>renderbuffer</code></em> to the renderbuffer target specified
            by <em class="parameter"><code>target</code></em>. <em class="parameter"><code>target</code></em> must be <code class="constant">GL_RENDERBUFFER</code>. <em class="parameter"><code>renderbuffer</code></em>
            is the name of a renderbuffer object previously returned from a call to <a class="citerefentry" href="glGenRenderbuffers.xml"><span class="citerefentry"><span class="refentrytitle">glGenRenderbuffers</span></span></a>,
            or zero to break the existing binding of a renderbuffer object to <em class="parameter"><code>target</code></em>.
        </p></div><div class="refsect1"><a id="errors"></a><h2>Errors</h2><p>
            <code class="constant">GL_INVALID_ENUM</code> is generated if <em class="parameter"><code>target</code></em> is not <code class="constant">GL_RENDERBUFFER</code>.
        </p><p>
            <code class="constant">GL_INVALID_OPERATION</code> is generated if <em class="parameter"><code>renderbuffer</code></em> is not zero or the name of a renderbuffer
            previously returned from a call to <a class="citerefentry" href="glGenRenderbuffers.xml"><span class="citerefentry"><span class="refentrytitle">glGenRenderbuffers</span></span></a>.
        </p></div><div class="refsect1"><a id="seealso"></a><h2>See Also</h2><p>
            <a class="citerefentry" href="glGenRenderbuffers.xml"><span class="citerefentry"><span class="refentrytitle">glGenRenderbuffers</span></span></a>,
            <a class="citerefentry" href="glDeleteRenderbuffers.xml"><span class="citerefentry"><span class="refentrytitle">glDeleteRenderbuffers</span></span></a>,
            <a class="citerefentry" href="glRenderbufferStorage.xml"><span class="citerefentry"><span class="refentrytitle">glRenderbufferStorage</span></span></a>,
            <a class="citerefentry" href="glRenderbufferStorageMultisample.xml"><span class="citerefentry"><span class="refentrytitle">glRenderbufferStorageMultisample</span></span></a>,
            <a class="citerefentry" href="glIsRenderbuffer.xml"><span class="citerefentry"><span class="refentrytitle">glIsRenderbuffer</span></span></a>
        </p></div><div class="refsect1"><a id="Copyright"></a><h2>Copyright</h2><p>
            Copyright <span class="trademark"></span>© 2010 Khronos Group.
            This material may be distributed subject to the terms and conditions set forth in
            the Open Publication License, v 1.0, 8 June 1999.
            <a class="ulink" href="http://opencontent.org/openpub/" target="_top">http://opencontent.org/openpub/</a>.
        </p></div></div></body></html>