<?xml version="1.0" encoding="UTF-8"?>
<!DOCTYPE html PUBLIC "-//W3C//DTD XHTML 1.0 Transitional//EN" "xhtml1-transitional.dtd"><!-- saved from url=(0013)about:internet -->
<?xml-stylesheet type="text/xsl" href="mathml.xsl"?><html xmlns="http://www.w3.org/1999/xhtml" xmlns:pref="http://www.w3.org/2002/Math/preference" pref:renderer="mathplayer-dl"><head><meta http-equiv="Content-Type" content="text/html; charset=UTF-8" /><link rel="stylesheet" type="text/css" href="opengl-man.css" /><title>glBindFramebuffer - OpenGL 3.3 Reference Pages</title><meta name="generator" content="DocBook XSL Stylesheets V1.78.1" /></head><body><div class="refentry"><a id="glBindFramebuffer"></a><div class="titlepage"></div><div class="refnamediv"><h2>Name</h2><p>glBindFramebuffer — bind a framebuffer to a framebuffer target</p></div><div class="refsynopsisdiv"><h2>C Specification</h2><div class="funcsynopsis"><table border="0" class="funcprototype-table" summary="Function synopsis" style="cellspacing: 0; cellpadding: 0;"><tr><td><code class="funcdef">void <strong class="fsfunc">glBindFramebuffer</strong>(</code></td><td>GLenum <var class="pdparam">target</var>, </td></tr><tr><td> </td><td>GLuint <var class="pdparam">framebuffer</var><code>)</code>;</td></tr></table><div class="funcprototype-spacer"> </div></div></div><div class="refsect1"><a id="parameters"></a><h2>Parameters</h2><div class="variablelist"><dl class="variablelist"><dt><span class="term"><em class="parameter"><code>target</code></em></span></dt><dd><p>
                    Specifies the framebuffer target of the binding operation.
                </p></dd><dt><span class="term"><em class="parameter"><code>framebuffer</code></em></span></dt><dd><p>
                    Specifies the name of the framebuffer object to bind.
                </p></dd></dl></div></div><div class="refsect1"><a id="description"></a><h2>Description</h2><p>
            <code class="function">glBindFramebuffer</code> binds the framebuffer object with name <em class="parameter"><code>framebuffer</code></em> to the framebuffer target specified
            by <em class="parameter"><code>target</code></em>. <em class="parameter"><code>target</code></em> must be either <code class="constant">GL_DRAW_FRAMEBUFFER</code>,
            <code class="constant">GL_READ_FRAMEBUFFER</code> or <code class="constant">GL_FRAMEBUFFER</code>. If a framebuffer object is bound to
            <code class="constant">GL_DRAW_FRAMEBUFFER</code> or <code class="constant">GL_READ_FRAMEBUFFER</code>, it becomes the target for
            rendering or readback operations, respectively, until it is deleted or another framebuffer is bound to the corresponding bind point.
            Calling <code class="function">glBindFramebuffer</code> with <em class="parameter"><code>target</code></em> set to <code class="constant">GL_FRAMEBUFFER</code> binds
            <em class="parameter"><code>framebuffer</code></em> to both the read and draw framebuffer targets. <em class="parameter"><code>framebuffer</code></em> is the name of a framebuffer
            object previously returned from a call to <a class="citerefentry" href="glGenFramebuffers.xml"><span class="citerefentry"><span class="refentrytitle">glGenFramebuffers</span></span></a>, or zero to break the existing
            binding of a framebuffer object to <em class="parameter"><code>target</code></em>.
        </p></div><div class="refsect1"><a id="errors"></a><h2>Errors</h2><p>
            <code class="constant">GL_INVALID_ENUM</code> is generated if <em class="parameter"><code>target</code></em> is not <code class="constant">GL_DRAW_FRAMEBUFFER</code>,
            <code class="constant">GL_READ_FRAMEBUFFER</code> or <code class="constant">GL_FRAMEBUFFER</code>.
        </p><p>
            <code class="constant">GL_INVALID_OPERATION</code> is generated if <em class="parameter"><code>framebuffer</code></em> is not zero or the name of a framebuffer
            previously returned from a call to <a class="citerefentry" href="glGenFramebuffers.xml"><span class="citerefentry"><span class="refentrytitle">glGenFramebuffers</span></span></a>.
        </p></div><div class="refsect1"><a id="seealso"></a><h2>See Also</h2><p>
            <a class="citerefentry" href="glGenFramebuffers.xml"><span class="citerefentry"><span class="refentrytitle">glGenFramebuffers</span></span></a>,
            <a class="citerefentry" href="glDeleteFramebuffers.xml"><span class="citerefentry"><span class="refentrytitle">glDeleteFramebuffers</span></span></a>,
            <a class="citerefentry" href="glFramebufferRenderbuffer.xml"><span class="citerefentry"><span class="refentrytitle">glFramebufferRenderbuffer</span></span></a>,
            <a class="citerefentry" href="glFramebufferTexture.xml"><span class="citerefentry"><span class="refentrytitle">glFramebufferTexture</span></span></a>,
            <a class="citerefentry" href="glFramebufferTexture1D.xml"><span class="citerefentry"><span class="refentrytitle">glFramebufferTexture1D</span></span></a>,
            <a class="citerefentry" href="glFramebufferTexture2D.xml"><span class="citerefentry"><span class="refentrytitle">glFramebufferTexture2D</span></span></a>,
            <a class="citerefentry" href="glFramebufferTexture3D.xml"><span class="citerefentry"><span class="refentrytitle">glFramebufferTexture3D</span></span></a>,
            <a class="citerefentry" href="glFramebufferTextureFace.xml"><span class="citerefentry"><span class="refentrytitle">glFramebufferTextureFace</span></span></a>,
            <a class="citerefentry" href="glFramebufferTextureLayer.xml"><span class="citerefentry"><span class="refentrytitle">glFramebufferTextureLayer</span></span></a>,
            <a class="citerefentry" href="glIsFramebuffer.xml"><span class="citerefentry"><span class="refentrytitle">glIsFramebuffer</span></span></a>
        </p></div><div class="refsect1"><a id="Copyright"></a><h2>Copyright</h2><p>
            Copyright <span class="trademark"></span>© 2010 Khronos Group.
            This material may be distributed subject to the terms and conditions set forth in
            the Open Publication License, v 1.0, 8 June 1999.
            <a class="ulink" href="http://opencontent.org/openpub/" target="_top">http://opencontent.org/openpub/</a>.
        </p></div></div></body></html>